match_date,year,stage,team_a,team_b,goals_a,goals_b,xg_a,xg_b,host_country,team_a_win,team_b_win,draw
2022-12-18,2022,Final,Argentina,France,3,3,3.3,2.2,Qatar,False,False,True
2022-12-17,2022,Third-place match,Croatia,Morocco,2,1,0.7,1.2,Qatar,True,False,False
2022-12-14,2022,Semi-finals,France,Morocco,2,0,2.0,0.9,Qatar,True,False,False
2022-12-13,2022,Semi-finals,Argentina,Croatia,3,0,2.3,0.5,Qatar,True,False,False
2022-12-10,2022,Quarter-finals,Morocco,Portugal,1,0,1.4,0.9,Qatar,True,False,False
2022-12-10,2022,Quarter-finals,England,France,1,2,2.4,0.9,Qatar,False,True,False
2022-12-09,2022,Quarter-finals,Croatia,Brazil,1,1,0.6,2.5,Qatar,False,False,True
2022-12-09,2022,Quarter-finals,Netherlands,Argentina,2,2,0.6,1.9,Qatar,False,False,True
2022-12-06,2022,Round of 16,Morocco,Spain,0,0,0.7,1.0,Qatar,False,False,True
2022-12-06,2022,Round of 16,Portugal,Switzerland,6,1,2.3,1.2,Qatar,True,False,False
2022-12-05,2022,Round of 16,Japan,Croatia,1,1,1.2,1.4,Qatar,False,False,True
2022-12-05,2022,Round of 16,Brazil,Korea Republic,4,1,3.6,0.5,Qatar,True,False,False
2022-12-04,2022,Round of 16,France,Poland,3,1,1.4,1.7,Qatar,True,False,False
2022-12-04,2022,Round of 16,England,Senegal,3,0,1.0,0.8,Qatar,True,False,False
2022-12-03,2022,Round of 16,Netherlands,United States,3,1,1.7,1.5,Qatar,True,False,False
2022-12-03,2022,Round of 16,Argentina,Australia,2,1,1.6,0.6,Qatar,True,False,False
2022-12-02,2022,Group stage,Korea Republic,Portugal,2,1,1.7,1.3,Qatar,True,False,False
2022-12-02,2022,Group stage,Ghana,Uruguay,0,2,1.6,1.8,Qatar,False,True,False
2022-12-02,2022,Group stage,Cameroon,Brazil,1,0,0.5,2.5,Qatar,True,False,False
2022-12-02,2022,Group stage,Serbia,Switzerland,2,3,1.3,2.7,Qatar,False,True,False
2022-12-01,2022,Group stage,Canada,Morocco,1,2,1.4,0.5,Qatar,False,True,False
2022-12-01,2022,Group stage,Croatia,Belgium,0,0,0.7,3.0,Qatar,False,False,True
2022-12-01,2022,Group stage,Costa Rica,Germany,2,4,1.3,5.7,Qatar,False,True,False
2022-12-01,2022,Group stage,Japan,Spain,2,1,1.4,1.0,Qatar,True,False,False
2022-11-30,2022,Group stage,Australia,Denmark,1,0,0.6,0.6,Qatar,True,False,False
2022-11-30,2022,Group stage,Tunisia,France,1,0,0.5,0.8,Qatar,True,False,False
2022-11-30,2022,Group stage,Saudi Arabia,Mexico,1,2,1.1,2.3,Qatar,False,True,False
2022-11-30,2022,Group stage,Poland,Argentina,0,2,0.3,3.5,Qatar,False,True,False
2022-11-29,2022,Group stage,Ecuador,Senegal,1,2,0.9,2.1,Qatar,False,True,False
2022-11-29,2022,Group stage,Netherlands,Qatar,2,0,1.6,0.1,Qatar,True,False,False
2022-11-29,2022,Group stage,IR Iran,United States,0,1,0.4,1.2,Qatar,False,True,False
2022-11-29,2022,Group stage,Wales,England,0,3,0.3,2.4,Qatar,False,True,False
2022-11-28,2022,Group stage,Cameroon,Serbia,3,3,2.2,1.9,Qatar,False,False,True
2022-11-28,2022,Group stage,Korea Republic,Ghana,2,3,1.8,1.6,Qatar,False,True,False
2022-11-28,2022,Group stage,Brazil,Switzerland,1,0,1.0,0.3,Qatar,True,False,False
2022-11-28,2022,Group stage,Portugal,Uruguay,2,0,1.3,1.3,Qatar,True,False,False
2022-11-27,2022,Group stage,Japan,Costa Rica,0,1,0.9,0.1,Qatar,False,True,False
2022-11-27,2022,Group stage,Belgium,Morocco,0,2,1.0,1.5,Qatar,False,True,False
2022-11-27,2022,Group stage,Croatia,Canada,4,1,2.6,0.4,Qatar,True,False,False
2022-11-27,2022,Group stage,Spain,Germany,1,1,0.6,1.3,Qatar,False,False,True
2022-11-26,2022,Group stage,Tunisia,Australia,0,1,0.9,0.6,Qatar,False,True,False
2022-11-26,2022,Group stage,Poland,Saudi Arabia,2,0,1.6,1.7,Qatar,True,False,False
2022-11-26,2022,Group stage,France,Denmark,2,1,2.4,0.6,Qatar,True,False,False
2022-11-26,2022,Group stage,Argentina,Mexico,2,0,0.3,0.3,Qatar,True,False,False
2022-11-25,2022,Group stage,Wales,IR Iran,0,2,0.9,1.4,Qatar,False,True,False
2022-11-25,2022,Group stage,Qatar,Senegal,1,3,1.0,0.8,Qatar,False,True,False
2022-11-25,2022,Group stage,Netherlands,Ecuador,1,1,0.1,1.7,Qatar,False,False,True
2022-11-25,2022,Group stage,England,United States,0,0,0.8,0.6,Qatar,False,False,True
2022-11-24,2022,Group stage,Switzerland,Cameroon,1,0,1.4,0.7,Qatar,True,False,False
2022-11-24,2022,Group stage,Uruguay,Korea Republic,0,0,0.6,0.6,Qatar,False,False,True
2022-11-24,2022,Group stage,Portugal,Ghana,3,2,2.0,0.9,Qatar,True,False,False
2022-11-24,2022,Group stage,Brazil,Serbia,2,0,2.4,0.2,Qatar,True,False,False
2022-11-23,2022,Group stage,Morocco,Croatia,0,0,0.4,0.5,Qatar,False,False,True
2022-11-23,2022,Group stage,Germany,Japan,1,2,3.1,1.5,Qatar,False,True,False
2022-11-23,2022,Group stage,Spain,Costa Rica,7,0,3.5,0.0,Qatar,True,False,False
2022-11-23,2022,Group stage,Belgium,Canada,1,0,0.8,2.4,Qatar,True,False,False
2022-11-22,2022,Group stage,Argentina,Saudi Arabia,1,2,2.2,0.1,Qatar,False,True,False
2022-11-22,2022,Group stage,Denmark,Tunisia,0,0,1.4,0.9,Qatar,False,False,True
2022-11-22,2022,Group stage,Mexico,Poland,0,0,0.7,0.9,Qatar,False,False,True
2022-11-22,2022,Group stage,France,Australia,4,1,4.0,0.5,Qatar,True,False,False
2022-11-21,2022,Group stage,England,IR Iran,6,2,2.1,1.4,Qatar,True,False,False
2022-11-21,2022,Group stage,Senegal,Netherlands,0,2,0.9,0.7,Qatar,False,True,False
2022-11-21,2022,Group stage,United States,Wales,1,1,0.8,1.5,Qatar,False,False,True
2022-11-20,2022,Group stage,Qatar,Ecuador,0,2,0.3,1.2,Qatar,False,True,False
2018-07-15,2018,Final,France,Croatia,4,2,1.1,1.1,Russia,True,False,False
2018-07-14,2018,Third-place match,Belgium,England,2,0,1.5,1.0,Russia,True,False,False
2018-07-11,2018,Semi-finals,Croatia,England,2,1,1.7,0.6,Russia,True,False,False
2018-07-10,2018,Semi-finals,France,Belgium,1,0,1.7,0.4,Russia,True,False,False
2018-07-07,2018,Quarter-finals,Sweden,England,0,2,0.5,1.0,Russia,False,True,False
2018-07-07,2018,Quarter-finals,Russia,Croatia,2,2,1.0,1.7,Russia,False,False,True
2018-07-06,2018,Quarter-finals,Uruguay,France,0,2,0.9,0.5,Russia,False,True,False
2018-07-06,2018,Quarter-finals,Brazil,Belgium,1,2,2.8,0.5,Russia,False,True,False
2018-07-03,2018,Round of 16,Sweden,Switzerland,1,0,1.3,0.7,Russia,True,False,False
2018-07-03,2018,Round of 16,Colombia,England,1,1,0.6,2.1,Russia,False,False,True
2018-07-02,2018,Round of 16,Brazil,Mexico,2,0,2.7,0.7,Russia,True,False,False
2018-07-02,2018,Round of 16,Belgium,Japan,3,2,2.5,0.7,Russia,True,False,False
2018-07-01,2018,Round of 16,Spain,Russia,1,1,1.8,1.0,Russia,False,False,True
2018-07-01,2018,Round of 16,Croatia,Denmark,1,1,2.5,0.9,Russia,False,False,True
2018-06-30,2018,Round of 16,France,Argentina,4,3,2.2,0.8,Russia,True,False,False
2018-06-30,2018,Round of 16,Uruguay,Portugal,2,1,0.6,1.0,Russia,True,False,False
2018-06-28,2018,Group stage,Japan,Poland,0,1,0.7,1.4,Russia,False,True,False
2018-06-28,2018,Group stage,Senegal,Colombia,0,1,0.5,0.3,Russia,False,True,False
2018-06-28,2018,Group stage,England,Belgium,0,1,0.9,1.3,Russia,False,True,False
2018-06-28,2018,Group stage,Panama,Tunisia,1,2,0.6,2.1,Russia,False,True,False
2018-06-27,2018,Group stage,Korea Republic,Germany,2,0,1.7,2.7,Russia,True,False,False
2018-06-27,2018,Group stage,Mexico,Sweden,0,3,1.4,2.4,Russia,False,True,False
2018-06-27,2018,Group stage,Switzerland,Costa Rica,2,2,1.4,1.5,Russia,False,False,True
2018-06-27,2018,Group stage,Serbia,Brazil,0,2,0.8,1.4,Russia,False,True,False
2018-06-26,2018,Group stage,Australia,Peru,0,2,0.9,0.2,Russia,False,True,False
2018-06-26,2018,Group stage,Denmark,France,0,0,0.2,0.4,Russia,False,False,True
2018-06-26,2018,Group stage,Iceland,Croatia,1,2,2.1,0.7,Russia,False,True,False
2018-06-26,2018,Group stage,Nigeria,Argentina,1,2,1.4,0.9,Russia,False,True,False
2018-06-25,2018,Group stage,Saudi Arabia,Egypt,2,1,2.6,0.8,Russia,True,False,False
2018-06-25,2018,Group stage,Uruguay,Russia,3,0,2.4,0.1,Russia,True,False,False
2018-06-25,2018,Group stage,Spain,Morocco,2,2,2.9,1.2,Russia,False,False,True
2018-06-25,2018,Group stage,IR Iran,Portugal,1,1,1.4,1.3,Russia,False,False,True
2018-06-24,2018,Group stage,England,Panama,6,1,2.8,1.1,Russia,True,False,False
2018-06-24,2018,Group stage,Japan,Senegal,2,2,0.9,1.4,Russia,False,False,True
2018-06-24,2018,Group stage,Poland,Colombia,0,3,1.1,2.1,Russia,False,True,False
2018-06-23,2018,Group stage,Belgium,Tunisia,5,2,5.2,1.1,Russia,True,False,False
2018-06-23,2018,Group stage,Korea Republic,Mexico,1,2,0.9,1.9,Russia,False,True,False
2018-06-23,2018,Group stage,Germany,Sweden,2,1,1.4,0.9,Russia,True,False,False
2018-06-22,2018,Group stage,Brazil,Costa Rica,2,0,2.6,0.1,Russia,True,False,False
2018-06-22,2018,Group stage,Nigeria,Iceland,2,0,0.9,1.3,Russia,True,False,False
2018-06-22,2018,Group stage,Serbia,Switzerland,1,2,1.5,2.1,Russia,False,True,False
2018-06-21,2018,Group stage,Denmark,Australia,1,1,0.8,1.3,Russia,False,False,True
2018-06-21,2018,Group stage,France,Peru,1,0,2.0,0.4,Russia,True,False,False
2018-06-21,2018,Group stage,Argentina,Croatia,0,3,1.3,1.9,Russia,False,True,False
2018-06-20,2018,Group stage,Portugal,Morocco,1,0,1.2,0.9,Russia,True,False,False
2018-06-20,2018,Group stage,Uruguay,Saudi Arabia,1,0,1.7,0.3,Russia,True,False,False
2018-06-20,2018,Group stage,IR Iran,Spain,0,1,0.7,1.9,Russia,False,True,False
2018-06-19,2018,Group stage,Colombia,Japan,1,2,1.0,2.0,Russia,False,True,False
2018-06-19,2018,Group stage,Poland,Senegal,1,2,0.8,1.0,Russia,False,True,False
2018-06-19,2018,Group stage,Russia,Egypt,3,1,1.2,1.4,Russia,True,False,False
2018-06-18,2018,Group stage,Sweden,Korea Republic,1,0,2.3,0.3,Russia,True,False,False
2018-06-18,2018,Group stage,Belgium,Panama,3,0,2.0,0.5,Russia,True,False,False
2018-06-18,2018,Group stage,Tunisia,England,1,2,1.0,2.8,Russia,False,True,False
2018-06-17,2018,Group stage,Costa Rica,Serbia,0,1,0.9,0.9,Russia,False,True,False
2018-06-17,2018,Group stage,Germany,Mexico,0,1,1.4,1.3,Russia,False,True,False
2018-06-17,2018,Group stage,Brazil,Switzerland,1,1,2.2,0.9,Russia,False,False,True
2018-06-16,2018,Group stage,France,Australia,2,1,1.3,1.0,Russia,True,False,False
2018-06-16,2018,Group stage,Argentina,Iceland,1,1,1.9,1.0,Russia,False,False,True
2018-06-16,2018,Group stage,Peru,Denmark,0,1,1.7,1.0,Russia,False,True,False
2018-06-16,2018,Group stage,Croatia,Nigeria,2,0,1.5,0.7,Russia,True,False,False
2018-06-15,2018,Group stage,Egypt,Uruguay,0,1,0.3,1.6,Russia,False,True,False
2018-06-15,2018,Group stage,Morocco,IR Iran,0,1,0.7,1.0,Russia,False,True,False
2018-06-15,2018,Group stage,Portugal,Spain,3,3,1.2,1.6,Russia,False,False,True
2018-06-14,2018,Group stage,Russia,Saudi Arabia,5,0,1.7,0.2,Russia,True,False,False
2014-07-13,2014,Final,Germany,Argentina,1,0,,,Brazil,True,False,False
2014-07-12,2014,Third-place match,Brazil,Netherlands,0,3,,,Brazil,False,True,False
2014-07-09,2014,Semi-finals,Netherlands,Argentina,0,0,,,Brazil,False,False,True
2014-07-08,2014,Semi-finals,Brazil,Germany,1,7,,,Brazil,False,True,False
2014-07-05,2014,Quarter-finals,Argentina,Belgium,1,0,,,Brazil,True,False,False
2014-07-05,2014,Quarter-finals,Netherlands,Costa Rica,0,0,,,Brazil,False,False,True
2014-07-04,2014,Quarter-finals,France,Germany,0,1,,,Brazil,False,True,False
2014-07-04,2014,Quarter-finals,Brazil,Colombia,2,1,,,Brazil,True,False,False
2014-07-01,2014,Round of 16,Argentina,Switzerland,1,0,,,Brazil,True,False,False
2014-07-01,2014,Round of 16,Belgium,United States,2,1,,,Brazil,True,False,False
2014-06-30,2014,Round of 16,France,Nigeria,2,0,,,Brazil,True,False,False
2014-06-30,2014,Round of 16,Germany,Algeria,2,1,,,Brazil,True,False,False
2014-06-29,2014,Round of 16,Netherlands,Mexico,2,1,,,Brazil,True,False,False
2014-06-29,2014,Round of 16,Costa Rica,Greece,1,1,,,Brazil,False,False,True
2014-06-28,2014,Round of 16,Brazil,Chile,1,1,,,Brazil,False,False,True
2014-06-28,2014,Round of 16,Colombia,Uruguay,2,0,,,Brazil,True,False,False
2014-06-26,2014,Group stage,United States,Germany,0,1,,,Brazil,False,True,False
2014-06-26,2014,Group stage,Portugal,Ghana,2,1,,,Brazil,True,False,False
2014-06-26,2014,Group stage,Korea Republic,Belgium,0,1,,,Brazil,False,True,False
2014-06-26,2014,Group stage,Algeria,Russia,1,1,,,Brazil,False,False,True
2014-06-25,2014,Group stage,Bosnia and Herzegovina,IR Iran,3,1,,,Brazil,True,False,False
2014-06-25,2014,Group stage,Nigeria,Argentina,2,3,,,Brazil,False,True,False
2014-06-25,2014,Group stage,Honduras,Switzerland,0,3,,,Brazil,False,True,False
2014-06-25,2014,Group stage,Ecuador,France,0,0,,,Brazil,False,False,True
2014-06-24,2014,Group stage,Costa Rica,England,0,0,,,Brazil,False,False,True
2014-06-24,2014,Group stage,Italy,Uruguay,0,1,,,Brazil,False,True,False
2014-06-24,2014,Group stage,Japan,Colombia,1,4,,,Brazil,False,True,False
2014-06-24,2014,Group stage,Greece,Côte d'Ivoire,2,1,,,Brazil,True,False,False
2014-06-23,2014,Group stage,Australia,Spain,0,3,,,Brazil,False,True,False
2014-06-23,2014,Group stage,Netherlands,Chile,2,0,,,Brazil,True,False,False
2014-06-23,2014,Group stage,Croatia,Mexico,1,3,,,Brazil,False,True,False
2014-06-23,2014,Group stage,Cameroon,Brazil,1,4,,,Brazil,False,True,False
2014-06-22,2014,Group stage,Belgium,Russia,1,0,,,Brazil,True,False,False
2014-06-22,2014,Group stage,Korea Republic,Algeria,2,4,,,Brazil,False,True,False
2014-06-22,2014,Group stage,United States,Portugal,2,2,,,Brazil,False,False,True
2014-06-21,2014,Group stage,Argentina,IR Iran,1,0,,,Brazil,True,False,False
2014-06-21,2014,Group stage,Germany,Ghana,2,2,,,Brazil,False,False,True
2014-06-21,2014,Group stage,Nigeria,Bosnia and Herzegovina,1,0,,,Brazil,True,False,False
2014-06-20,2014,Group stage,Italy,Costa Rica,0,1,,,Brazil,False,True,False
2014-06-20,2014,Group stage,Switzerland,France,2,5,,,Brazil,False,True,False
2014-06-20,2014,Group stage,Honduras,Ecuador,1,2,,,Brazil,False,True,False
2014-06-19,2014,Group stage,Colombia,Côte d'Ivoire,2,1,,,Brazil,True,False,False
2014-06-19,2014,Group stage,Uruguay,England,2,1,,,Brazil,True,False,False
2014-06-19,2014,Group stage,Japan,Greece,0,0,,,Brazil,False,False,True
2014-06-18,2014,Group stage,Australia,Netherlands,2,3,,,Brazil,False,True,False
2014-06-18,2014,Group stage,Spain,Chile,0,2,,,Brazil,False,True,False
2014-06-18,2014,Group stage,Cameroon,Croatia,0,4,,,Brazil,False,True,False
2014-06-17,2014,Group stage,Belgium,Algeria,2,1,,,Brazil,True,False,False
2014-06-17,2014,Group stage,Brazil,Mexico,0,0,,,Brazil,False,False,True
2014-06-17,2014,Group stage,Russia,Korea Republic,1,1,,,Brazil,False,False,True
2014-06-16,2014,Group stage,Germany,Portugal,4,0,,,Brazil,True,False,False
2014-06-16,2014,Group stage,IR Iran,Nigeria,0,0,,,Brazil,False,False,True
2014-06-16,2014,Group stage,Ghana,United States,1,2,,,Brazil,False,True,False
2014-06-15,2014,Group stage,Switzerland,Ecuador,2,1,,,Brazil,True,False,False
2014-06-15,2014,Group stage,France,Honduras,3,0,,,Brazil,True,False,False
2014-06-15,2014,Group stage,Argentina,Bosnia and Herzegovina,2,1,,,Brazil,True,False,False
2014-06-14,2014,Group stage,Colombia,Greece,3,0,,,Brazil,True,False,False
2014-06-14,2014,Group stage,Uruguay,Costa Rica,1,3,,,Brazil,False,True,False
2014-06-14,2014,Group stage,England,Italy,1,2,,,Brazil,False,True,False
2014-06-14,2014,Group stage,Côte d'Ivoire,Japan,2,1,,,Brazil,True,False,False
2014-06-13,2014,Group stage,Mexico,Cameroon,1,0,,,Brazil,True,False,False
2014-06-13,2014,Group stage,Spain,Netherlands,1,5,,,Brazil,False,True,False
2014-06-13,2014,Group stage,Chile,Australia,3,1,,,Brazil,True,False,False
2014-06-12,2014,Group stage,Brazil,Croatia,3,1,,,Brazil,True,False,False
2010-07-11,2010,Final,Netherlands,Spain,0,1,,,South Africa,False,True,False
2010-07-10,2010,Third-place match,Uruguay,Germany,2,3,,,South Africa,False,True,False
2010-07-07,2010,Semi-finals,Germany,Spain,0,1,,,South Africa,False,True,False
2010-07-06,2010,Semi-finals,Uruguay,Netherlands,2,3,,,South Africa,False,True,False
2010-07-03,2010,Quarter-finals,Argentina,Germany,0,4,,,South Africa,False,True,False
2010-07-03,2010,Quarter-finals,Paraguay,Spain,0,1,,,South Africa,False,True,False
2010-07-02,2010,Quarter-finals,Netherlands,Brazil,2,1,,,South Africa,True,False,False
2010-07-02,2010,Quarter-finals,Uruguay,Ghana,1,1,,,South Africa,False,False,True
2010-06-29,2010,Round of 16,Paraguay,Japan,0,0,,,South Africa,False,False,True
2010-06-29,2010,Round of 16,Spain,Portugal,1,0,,,South Africa,True,False,False
2010-06-28,2010,Round of 16,Netherlands,Slovakia,2,1,,,South Africa,True,False,False
2010-06-28,2010,Round of 16,Brazil,Chile,3,0,,,South Africa,True,False,False
2010-06-27,2010,Round of 16,Germany,England,4,1,,,South Africa,True,False,False
2010-06-27,2010,Round of 16,Argentina,Mexico,3,1,,,South Africa,True,False,False
2010-06-26,2010,Round of 16,Uruguay,Korea Republic,2,1,,,South Africa,True,False,False
2010-06-26,2010,Round of 16,United States,Ghana,1,2,,,South Africa,False,True,False
2010-06-25,2010,Group stage,Portugal,Brazil,0,0,,,South Africa,False,False,True
2010-06-25,2010,Group stage,Korea DPR,Côte d'Ivoire,0,3,,,South Africa,False,True,False
2010-06-25,2010,Group stage,Chile,Spain,1,2,,,South Africa,False,True,False
2010-06-25,2010,Group stage,Switzerland,Honduras,0,0,,,South Africa,False,False,True
2010-06-24,2010,Group stage,Paraguay,New Zealand,0,0,,,South Africa,False,False,True
2010-06-24,2010,Group stage,Slovakia,Italy,3,2,,,South Africa,True,False,False
2010-06-24,2010,Group stage,Denmark,Japan,1,3,,,South Africa,False,True,False
2010-06-24,2010,Group stage,Cameroon,Netherlands,1,2,,,South Africa,False,True,False
2010-06-23,2010,Group stage,Slovenia,England,0,1,,,South Africa,False,True,False
2010-06-23,2010,Group stage,United States,Algeria,1,0,,,South Africa,True,False,False
2010-06-23,2010,Group stage,Ghana,Germany,0,1,,,South Africa,False,True,False
2010-06-23,2010,Group stage,Australia,Serbia,2,1,,,South Africa,True,False,False
2010-06-22,2010,Group stage,Mexico,Uruguay,0,1,,,South Africa,False,True,False
2010-06-22,2010,Group stage,France,South Africa,1,2,,,South Africa,False,True,False
2010-06-22,2010,Group stage,Nigeria,Korea Republic,2,2,,,South Africa,False,False,True
2010-06-22,2010,Group stage,Greece,Argentina,0,2,,,South Africa,False,True,False
2010-06-21,2010,Group stage,Portugal,Korea DPR,7,0,,,South Africa,True,False,False
2010-06-21,2010,Group stage,Chile,Switzerland,1,0,,,South Africa,True,False,False
2010-06-21,2010,Group stage,Spain,Honduras,2,0,,,South Africa,True,False,False
2010-06-20,2010,Group stage,Slovakia,Paraguay,0,2,,,South Africa,False,True,False
2010-06-20,2010,Group stage,Italy,New Zealand,1,1,,,South Africa,False,False,True
2010-06-20,2010,Group stage,Brazil,Côte d'Ivoire,3,1,,,South Africa,True,False,False
2010-06-19,2010,Group stage,Netherlands,Japan,1,0,,,South Africa,True,False,False
2010-06-19,2010,Group stage,Ghana,Australia,1,1,,,South Africa,False,False,True
2010-06-19,2010,Group stage,Cameroon,Denmark,1,2,,,South Africa,False,True,False
2010-06-18,2010,Group stage,Germany,Serbia,0,1,,,South Africa,False,True,False
2010-06-18,2010,Group stage,Slovenia,United States,2,2,,,South Africa,False,False,True
2010-06-18,2010,Group stage,England,Algeria,0,0,,,South Africa,False,False,True
2010-06-17,2010,Group stage,Argentina,Korea Republic,4,1,,,South Africa,True,False,False
2010-06-17,2010,Group stage,Greece,Nigeria,2,1,,,South Africa,True,False,False
2010-06-17,2010,Group stage,France,Mexico,0,2,,,South Africa,False,True,False
2010-06-16,2010,Group stage,Honduras,Chile,0,1,,,South Africa,False,True,False
2010-06-16,2010,Group stage,Spain,Switzerland,0,1,,,South Africa,False,True,False
2010-06-16,2010,Group stage,South Africa,Uruguay,0,3,,,South Africa,False,True,False
2010-06-15,2010,Group stage,New Zealand,Slovakia,1,1,,,South Africa,False,False,True
2010-06-15,2010,Group stage,Côte d'Ivoire,Portugal,0,0,,,South Africa,False,False,True
2010-06-15,2010,Group stage,Brazil,Korea DPR,2,1,,,South Africa,True,False,False
2010-06-14,2010,Group stage,Netherlands,Denmark,2,0,,,South Africa,True,False,False
2010-06-14,2010,Group stage,Japan,Cameroon,1,0,,,South Africa,True,False,False
2010-06-14,2010,Group stage,Italy,Paraguay,1,1,,,South Africa,False,False,True
2010-06-13,2010,Group stage,Algeria,Slovenia,0,1,,,South Africa,False,True,False
2010-06-13,2010,Group stage,Serbia,Ghana,0,1,,,South Africa,False,True,False
2010-06-13,2010,Group stage,Germany,Australia,4,0,,,South Africa,True,False,False
2010-06-12,2010,Group stage,Korea Republic,Greece,2,0,,,South Africa,True,False,False
2010-06-12,2010,Group stage,Argentina,Nigeria,1,0,,,South Africa,True,False,False
2010-06-12,2010,Group stage,England,United States,1,1,,,South Africa,False,False,True
2010-06-11,2010,Group stage,South Africa,Mexico,1,1,,,South Africa,False,False,True
2010-06-11,2010,Group stage,Uruguay,France,0,0,,,South Africa,False,False,True
2006-07-09,2006,Final,Italy,France,1,1,,,Germany,False,False,True
2006-07-08,2006,Third-place match,Germany,Portugal,3,1,,,Germany,True,False,False
2006-07-05,2006,Semi-finals,Portugal,France,0,1,,,Germany,False,True,False
2006-07-04,2006,Semi-finals,Germany,Italy,0,2,,,Germany,False,True,False
2006-07-01,2006,Quarter-finals,England,Portugal,0,0,,,Germany,False,False,True
2006-07-01,2006,Quarter-finals,Brazil,France,0,1,,,Germany,False,True,False
2006-06-30,2006,Quarter-finals,Germany,Argentina,1,1,,,Germany,False,False,True
2006-06-30,2006,Quarter-finals,Italy,Ukraine,3,0,,,Germany,True,False,False
2006-06-27,2006,Round of 16,Brazil,Ghana,3,0,,,Germany,True,False,False
2006-06-27,2006,Round of 16,Spain,France,1,3,,,Germany,False,True,False
2006-06-26,2006,Round of 16,Italy,Australia,1,0,,,Germany,True,False,False
2006-06-26,2006,Round of 16,Switzerland,Ukraine,0,0,,,Germany,False,False,True
2006-06-25,2006,Round of 16,England,Ecuador,1,0,,,Germany,True,False,False
2006-06-25,2006,Round of 16,Portugal,Netherlands,1,0,,,Germany,True,False,False
2006-06-24,2006,Round of 16,Germany,Sweden,2,0,,,Germany,True,False,False
2006-06-24,2006,Round of 16,Argentina,Mexico,2,1,,,Germany,True,False,False
2006-06-23,2006,Group stage,Saudi Arabia,Spain,0,1,,,Germany,False,True,False
2006-06-23,2006,Group stage,Ukraine,Tunisia,1,0,,,Germany,True,False,False
2006-06-23,2006,Group stage,Togo,France,0,2,,,Germany,False,True,False
2006-06-23,2006,Group stage,Switzerland,Korea Republic,2,0,,,Germany,True,False,False
2006-06-22,2006,Group stage,Ghana,United States,2,1,,,Germany,True,False,False
2006-06-22,2006,Group stage,Czech Republic,Italy,0,2,,,Germany,False,True,False
2006-06-22,2006,Group stage,Japan,Brazil,1,4,,,Germany,False,True,False
2006-06-22,2006,Group stage,Croatia,Australia,2,2,,,Germany,False,False,True
2006-06-21,2006,Group stage,Portugal,Mexico,2,1,,,Germany,True,False,False
2006-06-21,2006,Group stage,IR Iran,Angola,1,1,,,Germany,False,False,True
2006-06-21,2006,Group stage,Côte d'Ivoire,Serbia and Montenegro,3,2,,,Germany,True,False,False
2006-06-21,2006,Group stage,Netherlands,Argentina,0,0,,,Germany,False,False,True
2006-06-20,2006,Group stage,Costa Rica,Poland,1,2,,,Germany,False,True,False
2006-06-20,2006,Group stage,Ecuador,Germany,0,3,,,Germany,False,True,False
2006-06-20,2006,Group stage,Paraguay,Trinidad and Tobago,2,0,,,Germany,True,False,False
2006-06-20,2006,Group stage,Sweden,England,2,2,,,Germany,False,False,True
2006-06-19,2006,Group stage,Togo,Switzerland,0,2,,,Germany,False,True,False
2006-06-19,2006,Group stage,Saudi Arabia,Ukraine,0,4,,,Germany,False,True,False
2006-06-19,2006,Group stage,Spain,Tunisia,3,1,,,Germany,True,False,False
2006-06-18,2006,Group stage,Japan,Croatia,0,0,,,Germany,False,False,True
2006-06-18,2006,Group stage,Brazil,Australia,2,0,,,Germany,True,False,False
2006-06-18,2006,Group stage,France,Korea Republic,1,1,,,Germany,False,False,True
2006-06-17,2006,Group stage,Portugal,IR Iran,2,0,,,Germany,True,False,False
2006-06-17,2006,Group stage,Czech Republic,Ghana,0,2,,,Germany,False,True,False
2006-06-17,2006,Group stage,Italy,United States,1,1,,,Germany,False,False,True
2006-06-16,2006,Group stage,Argentina,Serbia and Montenegro,6,0,,,Germany,True,False,False
2006-06-16,2006,Group stage,Netherlands,Côte d'Ivoire,2,1,,,Germany,True,False,False
2006-06-16,2006,Group stage,Mexico,Angola,0,0,,,Germany,False,False,True
2006-06-15,2006,Group stage,Ecuador,Costa Rica,3,0,,,Germany,True,False,False
2006-06-15,2006,Group stage,England,Trinidad and Tobago,2,0,,,Germany,True,False,False
2006-06-15,2006,Group stage,Sweden,Paraguay,1,0,,,Germany,True,False,False
2006-06-14,2006,Group stage,Spain,Ukraine,4,0,,,Germany,True,False,False
2006-06-14,2006,Group stage,Tunisia,Saudi Arabia,2,2,,,Germany,False,False,True
2006-06-14,2006,Group stage,Germany,Poland,1,0,,,Germany,True,False,False
2006-06-13,2006,Group stage,Korea Republic,Togo,2,1,,,Germany,True,False,False
2006-06-13,2006,Group stage,France,Switzerland,0,0,,,Germany,False,False,True
2006-06-13,2006,Group stage,Brazil,Croatia,1,0,,,Germany,True,False,False
2006-06-12,2006,Group stage,Australia,Japan,3,1,,,Germany,True,False,False
2006-06-12,2006,Group stage,United States,Czech Republic,0,3,,,Germany,False,True,False
2006-06-12,2006,Group stage,Italy,Ghana,2,0,,,Germany,True,False,False
2006-06-11,2006,Group stage,Serbia and Montenegro,Netherlands,0,1,,,Germany,False,True,False
2006-06-11,2006,Group stage,Mexico,IR Iran,3,1,,,Germany,True,False,False
2006-06-11,2006,Group stage,Angola,Portugal,0,1,,,Germany,False,True,False
2006-06-10,2006,Group stage,England,Paraguay,1,0,,,Germany,True,False,False
2006-06-10,2006,Group stage,Trinidad and Tobago,Sweden,0,0,,,Germany,False,False,True
2006-06-10,2006,Group stage,Argentina,Côte d'Ivoire,2,1,,,Germany,True,False,False
2006-06-09,2006,Group stage,Germany,Costa Rica,4,2,,,Germany,True,False,False
2006-06-09,2006,Group stage,Poland,Ecuador,0,2,,,Germany,False,True,False
2002-06-30,2002,Final,Germany,Brazil,0,2,,,"Korea Republic, Japan",False,True,False
2002-06-29,2002,Third-place match,Korea Republic,Türkiye,2,3,,,"Korea Republic, Japan",False,True,False
2002-06-26,2002,Semi-finals,Brazil,Türkiye,1,0,,,"Korea Republic, Japan",True,False,False
2002-06-25,2002,Semi-finals,Germany,Korea Republic,1,0,,,"Korea Republic, Japan",True,False,False
2002-06-22,2002,Quarter-finals,Spain,Korea Republic,0,0,,,"Korea Republic, Japan",False,False,True
2002-06-22,2002,Quarter-finals,Senegal,Türkiye,0,1,,,"Korea Republic, Japan",False,True,False
2002-06-21,2002,Quarter-finals,England,Brazil,1,2,,,"Korea Republic, Japan",False,True,False
2002-06-21,2002,Quarter-finals,Germany,United States,1,0,,,"Korea Republic, Japan",True,False,False
2002-06-18,2002,Round of 16,Japan,Türkiye,0,1,,,"Korea Republic, Japan",False,True,False
2002-06-18,2002,Round of 16,Korea Republic,Italy,2,1,,,"Korea Republic, Japan",True,False,False
2002-06-17,2002,Round of 16,Mexico,United States,0,2,,,"Korea Republic, Japan",False,True,False
2002-06-17,2002,Round of 16,Brazil,Belgium,2,0,,,"Korea Republic, Japan",True,False,False
2002-06-16,2002,Round of 16,Sweden,Senegal,1,2,,,"Korea Republic, Japan",False,True,False
2002-06-16,2002,Round of 16,Spain,Republic of Ireland,1,1,,,"Korea Republic, Japan",False,False,True
2002-06-15,2002,Round of 16,Germany,Paraguay,1,0,,,"Korea Republic, Japan",True,False,False
2002-06-15,2002,Round of 16,Denmark,England,0,3,,,"Korea Republic, Japan",False,True,False
2002-06-14,2002,Group stage,Tunisia,Japan,0,2,,,"Korea Republic, Japan",False,True,False
2002-06-14,2002,Group stage,Belgium,Russia,3,2,,,"Korea Republic, Japan",True,False,False
2002-06-14,2002,Group stage,Portugal,Korea Republic,0,1,,,"Korea Republic, Japan",False,True,False
2002-06-14,2002,Group stage,Poland,United States,3,1,,,"Korea Republic, Japan",True,False,False
2002-06-13,2002,Group stage,Costa Rica,Brazil,2,5,,,"Korea Republic, Japan",False,True,False
2002-06-13,2002,Group stage,Türkiye,China PR,3,0,,,"Korea Republic, Japan",True,False,False
2002-06-13,2002,Group stage,Mexico,Italy,1,1,,,"Korea Republic, Japan",False,False,True
2002-06-13,2002,Group stage,Ecuador,Croatia,1,0,,,"Korea Republic, Japan",True,False,False
2002-06-12,2002,Group stage,Sweden,Argentina,1,1,,,"Korea Republic, Japan",False,False,True
2002-06-12,2002,Group stage,Nigeria,England,0,0,,,"Korea Republic, Japan",False,False,True
2002-06-12,2002,Group stage,South Africa,Spain,2,3,,,"Korea Republic, Japan",False,True,False
2002-06-12,2002,Group stage,Slovenia,Paraguay,1,3,,,"Korea Republic, Japan",False,True,False
2002-06-11,2002,Group stage,Denmark,France,2,0,,,"Korea Republic, Japan",True,False,False
2002-06-11,2002,Group stage,Senegal,Uruguay,3,3,,,"Korea Republic, Japan",False,False,True
2002-06-11,2002,Group stage,Saudi Arabia,Republic of Ireland,0,3,,,"Korea Republic, Japan",False,True,False
2002-06-11,2002,Group stage,Cameroon,Germany,0,2,,,"Korea Republic, Japan",False,True,False
2002-06-10,2002,Group stage,Korea Republic,United States,1,1,,,"Korea Republic, Japan",False,False,True
2002-06-10,2002,Group stage,Tunisia,Belgium,1,1,,,"Korea Republic, Japan",False,False,True
2002-06-10,2002,Group stage,Portugal,Poland,4,0,,,"Korea Republic, Japan",True,False,False
2002-06-09,2002,Group stage,Mexico,Ecuador,2,1,,,"Korea Republic, Japan",True,False,False
2002-06-09,2002,Group stage,Costa Rica,Türkiye,1,1,,,"Korea Republic, Japan",False,False,True
2002-06-09,2002,Group stage,Japan,Russia,1,0,,,"Korea Republic, Japan",True,False,False
2002-06-08,2002,Group stage,South Africa,Slovenia,1,0,,,"Korea Republic, Japan",True,False,False
2002-06-08,2002,Group stage,Italy,Croatia,1,2,,,"Korea Republic, Japan",False,True,False
2002-06-08,2002,Group stage,Brazil,China PR,4,0,,,"Korea Republic, Japan",True,False,False
2002-06-07,2002,Group stage,Sweden,Nigeria,2,1,,,"Korea Republic, Japan",True,False,False
2002-06-07,2002,Group stage,Spain,Paraguay,3,1,,,"Korea Republic, Japan",True,False,False
2002-06-07,2002,Group stage,Argentina,England,0,1,,,"Korea Republic, Japan",False,True,False
2002-06-06,2002,Group stage,Denmark,Senegal,1,1,,,"Korea Republic, Japan",False,False,True
2002-06-06,2002,Group stage,Cameroon,Saudi Arabia,1,0,,,"Korea Republic, Japan",True,False,False
2002-06-06,2002,Group stage,France,Uruguay,0,0,,,"Korea Republic, Japan",False,False,True
2002-06-05,2002,Group stage,Russia,Tunisia,2,0,,,"Korea Republic, Japan",True,False,False
2002-06-05,2002,Group stage,United States,Portugal,3,2,,,"Korea Republic, Japan",True,False,False
2002-06-05,2002,Group stage,Germany,Republic of Ireland,1,1,,,"Korea Republic, Japan",False,False,True
2002-06-04,2002,Group stage,China PR,Costa Rica,0,2,,,"Korea Republic, Japan",False,True,False
2002-06-04,2002,Group stage,Japan,Belgium,2,2,,,"Korea Republic, Japan",False,False,True
2002-06-04,2002,Group stage,Korea Republic,Poland,2,0,,,"Korea Republic, Japan",True,False,False
2002-06-03,2002,Group stage,Croatia,Mexico,0,1,,,"Korea Republic, Japan",False,True,False
2002-06-03,2002,Group stage,Brazil,Türkiye,2,1,,,"Korea Republic, Japan",True,False,False
2002-06-03,2002,Group stage,Italy,Ecuador,2,0,,,"Korea Republic, Japan",True,False,False
2002-06-02,2002,Group stage,Argentina,Nigeria,1,0,,,"Korea Republic, Japan",True,False,False
2002-06-02,2002,Group stage,Paraguay,South Africa,2,2,,,"Korea Republic, Japan",False,False,True
2002-06-02,2002,Group stage,England,Sweden,1,1,,,"Korea Republic, Japan",False,False,True
2002-06-02,2002,Group stage,Spain,Slovenia,3,1,,,"Korea Republic, Japan",True,False,False
2002-06-01,2002,Group stage,Republic of Ireland,Cameroon,1,1,,,"Korea Republic, Japan",False,False,True
2002-06-01,2002,Group stage,Uruguay,Denmark,1,2,,,"Korea Republic, Japan",False,True,False
2002-06-01,2002,Group stage,Germany,Saudi Arabia,8,0,,,"Korea Republic, Japan",True,False,False
2002-05-31,2002,Group stage,France,Senegal,0,1,,,"Korea Republic, Japan",False,True,False
1998-07-12,1998,Final,Brazil,France,0,3,,,France,False,True,False
1998-07-11,1998,Third-place match,Netherlands,Croatia,1,2,,,France,False,True,False
1998-07-08,1998,Semi-finals,France,Croatia,2,1,,,France,True,False,False
1998-07-07,1998,Semi-finals,Brazil,Netherlands,1,1,,,France,False,False,True
1998-07-04,1998,Quarter-finals,Netherlands,Argentina,2,1,,,France,True,False,False
1998-07-04,1998,Quarter-finals,Germany,Croatia,0,3,,,France,False,True,False
1998-07-03,1998,Quarter-finals,Italy,France,0,0,,,France,False,False,True
1998-07-03,1998,Quarter-finals,Brazil,Denmark,3,2,,,France,True,False,False
1998-06-30,1998,Round of 16,Romania,Croatia,0,1,,,France,False,True,False
1998-06-30,1998,Round of 16,Argentina,England,2,2,,,France,False,False,True
1998-06-29,1998,Round of 16,Germany,Mexico,2,1,,,France,True,False,False
1998-06-29,1998,Round of 16,Netherlands,FR Yugoslavia,2,1,,,France,True,False,False
1998-06-28,1998,Round of 16,France,Paraguay,1,0,,,France,True,False,False
1998-06-28,1998,Round of 16,Nigeria,Denmark,1,4,,,France,False,True,False
1998-06-27,1998,Round of 16,Italy,Norway,1,0,,,France,True,False,False
1998-06-27,1998,Round of 16,Brazil,Chile,4,1,,,France,True,False,False
1998-06-26,1998,Group stage,Argentina,Croatia,1,0,,,France,True,False,False
1998-06-26,1998,Group stage,Japan,Jamaica,1,2,,,France,False,True,False
1998-06-26,1998,Group stage,Romania,Tunisia,1,1,,,France,False,False,True
1998-06-26,1998,Group stage,Colombia,England,0,2,,,France,False,True,False
1998-06-25,1998,Group stage,Netherlands,Mexico,2,2,,,France,False,False,True
1998-06-25,1998,Group stage,Belgium,Korea Republic,1,1,,,France,False,False,True
1998-06-25,1998,Group stage,United States,FR Yugoslavia,0,1,,,France,False,True,False
1998-06-25,1998,Group stage,Germany,IR Iran,2,0,,,France,True,False,False
1998-06-24,1998,Group stage,South Africa,Saudi Arabia,2,2,,,France,False,False,True
1998-06-24,1998,Group stage,France,Denmark,2,1,,,France,True,False,False
1998-06-24,1998,Group stage,Spain,Bulgaria,6,1,,,France,True,False,False
1998-06-24,1998,Group stage,Nigeria,Paraguay,1,3,,,France,False,True,False
1998-06-23,1998,Group stage,Italy,Austria,2,1,,,France,True,False,False
1998-06-23,1998,Group stage,Chile,Cameroon,1,1,,,France,False,False,True
1998-06-23,1998,Group stage,Brazil,Norway,1,2,,,France,False,True,False
1998-06-23,1998,Group stage,Scotland,Morocco,0,3,,,France,False,True,False
1998-06-22,1998,Group stage,Colombia,Tunisia,1,0,,,France,True,False,False
1998-06-22,1998,Group stage,Romania,England,2,1,,,France,True,False,False
1998-06-21,1998,Group stage,Germany,FR Yugoslavia,2,2,,,France,False,False,True
1998-06-21,1998,Group stage,Argentina,Jamaica,5,0,,,France,True,False,False
1998-06-21,1998,Group stage,United States,IR Iran,1,2,,,France,False,True,False
1998-06-20,1998,Group stage,Japan,Croatia,0,1,,,France,False,True,False
1998-06-20,1998,Group stage,Belgium,Mexico,2,2,,,France,False,False,True
1998-06-20,1998,Group stage,Netherlands,Korea Republic,5,0,,,France,True,False,False
1998-06-19,1998,Group stage,Nigeria,Bulgaria,1,0,,,France,True,False,False
1998-06-19,1998,Group stage,Spain,Paraguay,0,0,,,France,False,False,True
1998-06-18,1998,Group stage,South Africa,Denmark,1,1,,,France,False,False,True
1998-06-18,1998,Group stage,France,Saudi Arabia,4,0,,,France,True,False,False
1998-06-17,1998,Group stage,Chile,Austria,1,1,,,France,False,False,True
1998-06-17,1998,Group stage,Italy,Cameroon,3,0,,,France,True,False,False
1998-06-16,1998,Group stage,Scotland,Norway,1,1,,,France,False,False,True
1998-06-16,1998,Group stage,Brazil,Morocco,3,0,,,France,True,False,False
1998-06-15,1998,Group stage,England,Tunisia,2,0,,,France,True,False,False
1998-06-15,1998,Group stage,Romania,Colombia,1,0,,,France,True,False,False
1998-06-15,1998,Group stage,Germany,United States,2,0,,,France,True,False,False
1998-06-14,1998,Group stage,Argentina,Japan,1,0,,,France,True,False,False
1998-06-14,1998,Group stage,FR Yugoslavia,IR Iran,1,0,,,France,True,False,False
1998-06-14,1998,Group stage,Jamaica,Croatia,1,3,,,France,False,True,False
1998-06-13,1998,Group stage,Spain,Nigeria,2,3,,,France,False,True,False
1998-06-13,1998,Group stage,Korea Republic,Mexico,1,3,,,France,False,True,False
1998-06-13,1998,Group stage,Netherlands,Belgium,0,0,,,France,False,False,True
1998-06-12,1998,Group stage,Paraguay,Bulgaria,0,0,,,France,False,False,True
1998-06-12,1998,Group stage,Saudi Arabia,Denmark,0,1,,,France,False,True,False
1998-06-12,1998,Group stage,France,South Africa,3,0,,,France,True,False,False
1998-06-11,1998,Group stage,Italy,Chile,2,2,,,France,False,False,True
1998-06-11,1998,Group stage,Cameroon,Austria,1,1,,,France,False,False,True
1998-06-10,1998,Group stage,Brazil,Scotland,2,1,,,France,True,False,False
1998-06-10,1998,Group stage,Morocco,Norway,2,2,,,France,False,False,True
1994-07-17,1994,Final,Brazil,Italy,0,0,,,United States,False,False,True
1994-07-16,1994,Third-place match,Sweden,Bulgaria,4,0,,,United States,True,False,False
1994-07-13,1994,Semi-finals,Bulgaria,Italy,1,2,,,United States,False,True,False
1994-07-13,1994,Semi-finals,Sweden,Brazil,0,1,,,United States,False,True,False
1994-07-10,1994,Quarter-finals,Bulgaria,Germany,2,1,,,United States,True,False,False
1994-07-10,1994,Quarter-finals,Romania,Sweden,2,2,,,United States,False,False,True
1994-07-09,1994,Quarter-finals,Italy,Spain,2,1,,,United States,True,False,False
1994-07-09,1994,Quarter-finals,Netherlands,Brazil,2,3,,,United States,False,True,False
1994-07-05,1994,Round of 16,Nigeria,Italy,1,2,,,United States,False,True,False
1994-07-05,1994,Round of 16,Mexico,Bulgaria,1,1,,,United States,False,False,True
1994-07-04,1994,Round of 16,Netherlands,Republic of Ireland,2,0,,,United States,True,False,False
1994-07-04,1994,Round of 16,Brazil,United States,1,0,,,United States,True,False,False
1994-07-03,1994,Round of 16,Saudi Arabia,Sweden,1,3,,,United States,False,True,False
1994-07-03,1994,Round of 16,Romania,Argentina,3,2,,,United States,True,False,False
1994-07-02,1994,Round of 16,Germany,Belgium,3,2,,,United States,True,False,False
1994-07-02,1994,Round of 16,Spain,Switzerland,3,0,,,United States,True,False,False
1994-06-30,1994,Group stage,Greece,Nigeria,0,2,,,United States,False,True,False
1994-06-30,1994,Group stage,Argentina,Bulgaria,0,2,,,United States,False,True,False
1994-06-29,1994,Group stage,Morocco,Netherlands,1,2,,,United States,False,True,False
1994-06-29,1994,Group stage,Belgium,Saudi Arabia,0,1,,,United States,False,True,False
1994-06-28,1994,Group stage,Italy,Mexico,1,1,,,United States,False,False,True
1994-06-28,1994,Group stage,Republic of Ireland,Norway,0,0,,,United States,False,False,True
1994-06-28,1994,Group stage,Russia,Cameroon,6,1,,,United States,True,False,False
1994-06-28,1994,Group stage,Brazil,Sweden,1,1,,,United States,False,False,True
1994-06-27,1994,Group stage,Germany,Korea Republic,3,2,,,United States,True,False,False
1994-06-27,1994,Group stage,Bolivia,Spain,1,3,,,United States,False,True,False
1994-06-26,1994,Group stage,Bulgaria,Greece,4,0,,,United States,True,False,False
1994-06-26,1994,Group stage,United States,Romania,0,1,,,United States,False,True,False
1994-06-26,1994,Group stage,Switzerland,Colombia,0,2,,,United States,False,True,False
1994-06-25,1994,Group stage,Belgium,Netherlands,1,0,,,United States,True,False,False
1994-06-25,1994,Group stage,Saudi Arabia,Morocco,2,1,,,United States,True,False,False
1994-06-25,1994,Group stage,Argentina,Nigeria,2,1,,,United States,True,False,False
1994-06-24,1994,Group stage,Mexico,Republic of Ireland,2,1,,,United States,True,False,False
1994-06-24,1994,Group stage,Brazil,Cameroon,3,0,,,United States,True,False,False
1994-06-24,1994,Group stage,Sweden,Russia,3,1,,,United States,True,False,False
1994-06-23,1994,Group stage,Italy,Norway,1,0,,,United States,True,False,False
1994-06-23,1994,Group stage,Korea Republic,Bolivia,0,0,,,United States,False,False,True
1994-06-22,1994,Group stage,Romania,Switzerland,1,4,,,United States,False,True,False
1994-06-22,1994,Group stage,United States,Colombia,2,1,,,United States,True,False,False
1994-06-21,1994,Group stage,Argentina,Greece,4,0,,,United States,True,False,False
1994-06-21,1994,Group stage,Germany,Spain,1,1,,,United States,False,False,True
1994-06-21,1994,Group stage,Nigeria,Bulgaria,3,0,,,United States,True,False,False
1994-06-20,1994,Group stage,Brazil,Russia,2,0,,,United States,True,False,False
1994-06-20,1994,Group stage,Netherlands,Saudi Arabia,2,1,,,United States,True,False,False
1994-06-19,1994,Group stage,Belgium,Morocco,1,0,,,United States,True,False,False
1994-06-19,1994,Group stage,Norway,Mexico,1,0,,,United States,True,False,False
1994-06-19,1994,Group stage,Cameroon,Sweden,2,2,,,United States,False,False,True
1994-06-18,1994,Group stage,United States,Switzerland,1,1,,,United States,False,False,True
1994-06-18,1994,Group stage,Italy,Republic of Ireland,0,1,,,United States,False,True,False
1994-06-18,1994,Group stage,Colombia,Romania,1,3,,,United States,False,True,False
1994-06-17,1994,Group stage,Germany,Bolivia,1,0,,,United States,True,False,False
1994-06-17,1994,Group stage,Spain,Korea Republic,2,2,,,United States,False,False,True
1990-07-08,1990,Final,West Germany,Argentina,1,0,,,Italy,True,False,False
1990-07-07,1990,Third-place match,Italy,England,2,1,,,Italy,True,False,False
1990-07-04,1990,Semi-finals,West Germany,England,1,1,,,Italy,False,False,True
1990-07-03,1990,Semi-finals,Italy,Argentina,1,1,,,Italy,False,False,True
1990-07-01,1990,Quarter-finals,West Germany,Czechoslovakia,1,0,,,Italy,True,False,False
1990-07-01,1990,Quarter-finals,England,Cameroon,3,2,,,Italy,True,False,False
1990-06-30,1990,Quarter-finals,Yugoslavia,Argentina,0,0,,,Italy,False,False,True
1990-06-30,1990,Quarter-finals,Italy,Republic of Ireland,1,0,,,Italy,True,False,False
1990-06-26,1990,Round of 16,Spain,Yugoslavia,1,2,,,Italy,False,True,False
1990-06-26,1990,Round of 16,England,Belgium,1,0,,,Italy,True,False,False
1990-06-25,1990,Round of 16,Republic of Ireland,Romania,0,0,,,Italy,False,False,True
1990-06-25,1990,Round of 16,Italy,Uruguay,2,0,,,Italy,True,False,False
1990-06-24,1990,Round of 16,Brazil,Argentina,0,1,,,Italy,False,True,False
1990-06-24,1990,Round of 16,West Germany,Netherlands,2,1,,,Italy,True,False,False
1990-06-23,1990,Round of 16,Cameroon,Colombia,2,1,,,Italy,True,False,False
1990-06-23,1990,Round of 16,Czechoslovakia,Costa Rica,4,1,,,Italy,True,False,False
1990-06-21,1990,Group stage,Belgium,Spain,1,2,,,Italy,False,True,False
1990-06-21,1990,Group stage,Korea Republic,Uruguay,0,1,,,Italy,False,True,False
1990-06-21,1990,Group stage,Republic of Ireland,Netherlands,1,1,,,Italy,False,False,True
1990-06-21,1990,Group stage,England,Egypt,1,0,,,Italy,True,False,False
1990-06-20,1990,Group stage,Sweden,Costa Rica,1,2,,,Italy,False,True,False
1990-06-20,1990,Group stage,Brazil,Scotland,1,0,,,Italy,True,False,False
1990-06-19,1990,Group stage,West Germany,Colombia,1,1,,,Italy,False,False,True
1990-06-19,1990,Group stage,Yugoslavia,United Arab Emirates,4,1,,,Italy,True,False,False
1990-06-19,1990,Group stage,Austria,United States,2,1,,,Italy,True,False,False
1990-06-19,1990,Group stage,Italy,Czechoslovakia,2,0,,,Italy,True,False,False
1990-06-18,1990,Group stage,Argentina,Romania,1,1,,,Italy,False,False,True
1990-06-18,1990,Group stage,Cameroon,Soviet Union,0,4,,,Italy,False,True,False
1990-06-17,1990,Group stage,Republic of Ireland,Egypt,0,0,,,Italy,False,False,True
1990-06-17,1990,Group stage,Belgium,Uruguay,3,1,,,Italy,True,False,False
1990-06-17,1990,Group stage,Korea Republic,Spain,1,3,,,Italy,False,True,False
1990-06-16,1990,Group stage,Brazil,Costa Rica,1,0,,,Italy,True,False,False
1990-06-16,1990,Group stage,England,Netherlands,0,0,,,Italy,False,False,True
1990-06-16,1990,Group stage,Sweden,Scotland,1,2,,,Italy,False,True,False
1990-06-15,1990,Group stage,Austria,Czechoslovakia,0,1,,,Italy,False,True,False
1990-06-15,1990,Group stage,West Germany,United Arab Emirates,5,1,,,Italy,True,False,False
1990-06-14,1990,Group stage,Yugoslavia,Colombia,1,0,,,Italy,True,False,False
1990-06-14,1990,Group stage,Cameroon,Romania,2,1,,,Italy,True,False,False
1990-06-14,1990,Group stage,Italy,United States,1,0,,,Italy,True,False,False
1990-06-13,1990,Group stage,Uruguay,Spain,0,0,,,Italy,False,False,True
1990-06-13,1990,Group stage,Argentina,Soviet Union,2,0,,,Italy,True,False,False
1990-06-12,1990,Group stage,Belgium,Korea Republic,2,0,,,Italy,True,False,False
1990-06-12,1990,Group stage,Netherlands,Egypt,1,1,,,Italy,False,False,True
1990-06-11,1990,Group stage,Costa Rica,Scotland,1,0,,,Italy,True,False,False
1990-06-11,1990,Group stage,England,Republic of Ireland,1,1,,,Italy,False,False,True
1990-06-10,1990,Group stage,United States,Czechoslovakia,1,5,,,Italy,False,True,False
1990-06-10,1990,Group stage,West Germany,Yugoslavia,4,1,,,Italy,True,False,False
1990-06-10,1990,Group stage,Brazil,Sweden,2,1,,,Italy,True,False,False
1990-06-09,1990,Group stage,United Arab Emirates,Colombia,0,2,,,Italy,False,True,False
1990-06-09,1990,Group stage,Soviet Union,Romania,0,2,,,Italy,False,True,False
1990-06-09,1990,Group stage,Italy,Austria,1,0,,,Italy,True,False,False
1990-06-08,1990,Group stage,Argentina,Cameroon,0,1,,,Italy,False,True,False
